"Workout #";"Date";"Workout Name";"Duration (sec)";"Exercise Name";"Set Order";"Weight (kg)";"Reps";"RPE";"Distance (meters)";"Seconds";"Notes";"Workout Notes"
"1";"2023-06-05 18:57:00";"Entrenamiento por la tarde noche";"4848";"Chest Dip";"1";"0.0";"15";"";"";"";"";""
"1";"2023-06-05 18:57:00";"Entrenamiento por la tarde noche";"4848";"Chest Dip";"2";"0.0";"15";"";"";"";"";""
"1";"2023-06-05 18:57:00";"Entrenamiento por la tarde noche";"4848";"Chest Dip";"3";"0.0";"10";"";"";"";"";""
"1";"2023-06-05 18:57:00";"Entrenamiento por la tarde noche";"4848";"Bench Press (Barbell)";"1";"52.163122550000004";"10";"";"";"";"";""
"1";"2023-06-05 18:57:00";"Entrenamiento por la tarde noche";"4848";"Bench Press (Barbell)";"2";"61.23496995";"8";"";"";"";"";""
"1";"2023-06-05 18:57:00";"Entrenamiento por la tarde noche";"4848";"Bench Press (Barbell)";"3";"70.30681735";"7";"";"";"";"";""
"1";"2023-06-05 18:57:00";"Entrenamiento por la tarde noche";"4848";"Bench Press (Barbell)";"4";"70.30681735";"6";"";"";"";"";""
"1";"2023-06-05 18:57:00";"Entrenamiento por la tarde noche";"4848";"Bicep Curl (Dumbbell)";"1";"13.6077711";"10";"";"";"";"";""
"1";"2023-06-05 18:57:00";"Entrenamiento por la tarde noche";"4848";"Bicep Curl (Dumbbell)";"2";"13.6077711";"10";"";"";"";"";""
"1";"2023-06-05 18:57:00";"Entrenamiento por la tarde noche";"4848";"Bicep Curl (Dumbbell)";"3";"15.875732950000002";"8";"";"";"";"";""
"1";"2023-06-05 18:57:00";"Entrenamiento por la tarde noche";"4848";"Bicep Curl (Dumbbell)";"4";"15.875732950000002";"5";"";"";"";"";""
"1";"2023-06-05 18:57:00";"Entrenamiento por la tarde noche";"4848";"Running (Treadmill)";"1";"";"";"";"4420.0";"1200.0";"";""
"2";"2023-06-06 20:18:06";"Entrenamiento por la tarde noche";"5115";"Deadlift (Barbell)";"1";"61.23496995";"10";"";"";"";"";""
"2";"2023-06-06 20:18:06";"Entrenamiento por la tarde noche";"5115";"Deadlift (Barbell)";"2";"61.23496995";"10";"";"";"";"";""
"2";"2023-06-06 20:18:06";"Entrenamiento por la tarde noche";"5115";"Deadlift (Barbell)";"3";"65.77089365";"10";"";"";"";"";""
"2";"2023-06-06 20:18:06";"Entrenamiento por la tarde noche";"5115";"Deadlift (Barbell)";"4";"65.77089365";"10";"";"";"";"";""
"2";"2023-06-06 20:18:06";"Entrenamiento por la tarde noche";"5115";"Deadlift (Barbell)";"5";"70.30681735";"10";"";"";"";"";""
"2";"2023-06-06 20:18:06";"Entrenamiento por la tarde noche";"5115";"Leg Press";"1";"61.23496995";"10";"";"";"";"";""
"2";"2023-06-06 20:18:06";"Entrenamiento por la tarde noche";"5115";"Leg Press";"2";"81.6466266";"10";"";"";"";"";""
"2";"2023-06-06 20:18:06";"Entrenamiento por la tarde noche";"5115";"Leg Press";"3";"81.6466266";"10";"";"";"";"";""
"2";"2023-06-06 20:18:06";"Entrenamiento por la tarde noche";"5115";"Leg Press";"4";"81.6466266";"10";"";"";"";"";""
"2";"2023-06-06 20:18:06";"Entrenamiento por la tarde noche";"5115";"Leg Press";"5";"102.05828325";"10";"";"";"";"";""
"2";"2023-06-06 20:18:06";"Entrenamiento por la tarde noche";"5115";"Hip Abductor (Machine)";"1";"38.55535145";"10";"";"";"";"";""
"2";"2023-06-06 20:18:06";"Entrenamiento por la tarde noche";"5115";"Hip Abductor (Machine)";"2";"45.359237";"10";"";"";"";"";""
"2";"2023-06-06 20:18:06";"Entrenamiento por la tarde noche";"5115";"Hip Abductor (Machine)";"3";"45.359237";"10";"";"";"";"";""
"2";"2023-06-06 20:18:06";"Entrenamiento por la tarde noche";"5115";"Hip Abductor (Machine)";"4";"52.163122550000004";"10";"";"";"";"";""
"2";"2023-06-06 20:18:06";"Entrenamiento por la tarde noche";"5115";"Hip Abductor (Machine)";"5";"65.77089365";"7";"";"";"";"";""
"2";"2023-06-06 20:18:06";"Entrenamiento por la tarde noche";"5115";"Toes To Bar";"1";"";"10";"";"";"";"";""
"2";"2023-06-06 20:18:06";"Entrenamiento por la tarde noche";"5115";"Toes To Bar";"2";"";"10";"";"";"";"";""
"2";"2023-06-06 20:18:06";"Entrenamiento por la tarde noche";"5115";"Toes To Bar";"3";"";"10";"";"";"";"";""
"2";"2023-06-06 20:18:06";"Entrenamiento por la tarde noche";"5115";"Toes To Bar";"4";"";"10";"";"";"";"";""
"2";"2023-06-06 20:18:06";"Entrenamiento por la tarde noche";"5115";"Toes To Bar";"5";"";"10";"";"";"";"";""
"3";"2023-06-07 18:13:07";"Entrenamiento por la tarde noche";"1925";"Lateral Raise (Dumbbell)";"1";"6.80388555";"10";"";"";"";"";""
"3";"2023-06-07 18:13:07";"Entrenamiento por la tarde noche";"1925";"Lateral Raise (Dumbbell)";"2";"6.80388555";"10";"";"";"";"";""
"3";"2023-06-07 18:13:07";"Entrenamiento por la tarde noche";"1925";"Lateral Raise (Dumbbell)";"3";"6.80388555";"12";"";"";"";"";""
"3";"2023-06-07 18:13:07";"Entrenamiento por la tarde noche";"1925";"Front Raise (Barbell)";"1";"6.80388555";"10";"";"";"";"";""
"3";"2023-06-07 18:13:07";"Entrenamiento por la tarde noche";"1925";"Front Raise (Barbell)";"2";"6.80388555";"10";"";"";"";"";""
"3";"2023-06-07 18:13:07";"Entrenamiento por la tarde noche";"1925";"Front Raise (Barbell)";"3";"6.80388555";"12";"";"";"";"";""
"3";"2023-06-07 18:13:07";"Entrenamiento por la tarde noche";"1925";"Overhead Press (Dumbbell)";"1";"6.80388555";"10";"";"";"";"";""
"3";"2023-06-07 18:13:07";"Entrenamiento por la tarde noche";"1925";"Overhead Press (Dumbbell)";"2";"6.80388555";"10";"";"";"";"";""
"3";"2023-06-07 18:13:07";"Entrenamiento por la tarde noche";"1925";"Backward Raise";"1";"6.80388555";"10";"";"";"";"";""
"3";"2023-06-07 18:13:07";"Entrenamiento por la tarde noche";"1925";"Backward Raise";"2";"6.80388555";"10";"";"";"";"";""
"3";"2023-06-07 18:13:07";"Entrenamiento por la tarde noche";"1925";"Backward Raise";"3";"6.80388555";"12";"";"";"";"";""
"3";"2023-06-07 18:13:07";"Entrenamiento por la tarde noche";"1925";"Bicep Curl (Dumbbell)";"1";"6.80388555";"10";"";"";"";"";""
"3";"2023-06-07 18:13:07";"Entrenamiento por la tarde noche";"1925";"Bicep Curl (Dumbbell)";"2";"6.80388555";"15";"";"";"";"";""
"3";"2023-06-07 18:13:07";"Entrenamiento por la tarde noche";"1925";"Bicep Curl (Dumbbell)";"3";"6.80388555";"15";"";"";"";"";""
"3";"2023-06-07 18:13:07";"Entrenamiento por la tarde noche";"1925";"Arnold Press (Dumbbell)";"1";"6.80388555";"12";"";"";"";"";""
"3";"2023-06-07 18:13:07";"Entrenamiento por la tarde noche";"1925";"Ab Wheel";"1";"0.0";"10";"";"";"";"";""
"3";"2023-06-07 18:13:07";"Entrenamiento por la tarde noche";"1925";"Ab Wheel";"2";"0.0";"10";"";"";"";"";""
"4";"2023-06-08 20:28:39";"Pecho y Bíceps";"5443";"Bench Press (Barbell)";"1";"61.23496995";"8";"";"";"";"";""
"4";"2023-06-08 20:28:39";"Pecho y Bíceps";"5443";"Bench Press (Barbell)";"2";"61.23496995";"10";"";"";"";"";""
"4";"2023-06-08 20:28:39";"Pecho y Bíceps";"5443";"Bench Press (Barbell)";"3";"70.30681735";"8";"";"";"";"";""
"4";"2023-06-08 20:28:39";"Pecho y Bíceps";"5443";"Bench Press (Barbell)";"4";"74.84274105";"6";"";"";"";"";""
"4";"2023-06-08 20:28:39";"Pecho y Bíceps";"5443";"Cable Crossover";"1";"10.205828325";"10";"";"";"";"";""
"4";"2023-06-08 20:28:39";"Pecho y Bíceps";"5443";"Cable Crossover";"2";"12.473790175000001";"10";"";"";"";"";""
"4";"2023-06-08 20:28:39";"Pecho y Bíceps";"5443";"Cable Crossover";"3";"14.741752025";"8";"";"";"";"";""
"4";"2023-06-08 20:28:39";"Pecho y Bíceps";"5443";"Cable Crossover";"4";"17.009713875";"5";"";"";"";"";""
"4";"2023-06-08 20:28:39";"Pecho y Bíceps";"5443";"Cable Crossover";"5";"10.205828325";"10";"";"";"";"";""
"4";"2023-06-08 20:28:39";"Pecho y Bíceps";"5443";"Bicep Curl (Dumbbell)";"1";"13.6077711";"10";"";"";"";"";""
"4";"2023-06-08 20:28:39";"Pecho y Bíceps";"5443";"Bicep Curl (Dumbbell)";"2";"13.6077711";"10";"";"";"";"";""
"4";"2023-06-08 20:28:39";"Pecho y Bíceps";"5443";"Bicep Curl (Dumbbell)";"3";"15.875732950000002";"6";"";"";"";"";""
"4";"2023-06-08 20:28:39";"Pecho y Bíceps";"5443";"Bicep Curl (Dumbbell)";"4";"15.875732950000002";"6";"";"";"";"";""
"4";"2023-06-08 20:28:39";"Pecho y Bíceps";"5443";"Chest Dip";"1";"0.0";"12";"";"";"";"";""
"4";"2023-06-08 20:28:39";"Pecho y Bíceps";"5443";"Chest Dip";"2";"0.0";"12";"";"";"";"";""
"4";"2023-06-08 20:28:39";"Pecho y Bíceps";"5443";"Chest Dip";"3";"0.0";"12";"";"";"";"";""
"4";"2023-06-08 20:28:39";"Pecho y Bíceps";"5443";"Chest Dip";"4";"0.0";"10";"";"";"";"";""
"4";"2023-06-08 20:28:39";"Pecho y Bíceps";"5443";"Triceps Extension";"1";"17.463306245000002";"10";"";"";"";"";""
"4";"2023-06-08 20:28:39";"Pecho y Bíceps";"5443";"Triceps Extension";"2";"19.958064280000002";"10";"";"";"";"";""
"4";"2023-06-08 20:28:39";"Pecho y Bíceps";"5443";"Triceps Extension";"3";"19.958064280000002";"10";"";"";"";"";""
"4";"2023-06-08 20:28:39";"Pecho y Bíceps";"5443";"Triceps Extension";"4";"22.452822315000002";"8";"";"";"";"";""
"4";"2023-06-08 20:28:39";"Pecho y Bíceps";"5443";"Running (Treadmill)";"1";"";"";"";"1800.0";"600.0";"";""
"5";"2023-06-12 19:03:08";"Entrenamiento por la tarde noche";"4201";"Chest Dip";"1";"9.071847400000001";"8";"";"";"";"";""
"5";"2023-06-12 19:03:08";"Entrenamiento por la tarde noche";"4201";"Chest Dip";"2";"9.071847400000001";"10";"";"";"";"";""
"5";"2023-06-12 19:03:08";"Entrenamiento por la tarde noche";"4201";"Chest Dip";"3";"9.071847400000001";"10";"";"";"";"";""
"5";"2023-06-12 19:03:08";"Entrenamiento por la tarde noche";"4201";"Chest Dip";"4";"9.071847400000001";"10";"";"";"";"";""
"5";"2023-06-12 19:03:08";"Entrenamiento por la tarde noche";"4201";"Arnold Press (Dumbbell)";"1";"9.071847400000001";"10";"";"";"";"";""
"5";"2023-06-12 19:03:08";"Entrenamiento por la tarde noche";"4201";"Arnold Press (Dumbbell)";"2";"13.6077711";"10";"";"";"";"";""
"5";"2023-06-12 19:03:08";"Entrenamiento por la tarde noche";"4201";"Arnold Press (Dumbbell)";"3";"13.6077711";"8";"";"";"";"";""
"5";"2023-06-12 19:03:08";"Entrenamiento por la tarde noche";"4201";"Arnold Press (Dumbbell)";"4";"15.875732950000002";"8";"";"";"";"";""
"5";"2023-06-12 19:03:08";"Entrenamiento por la tarde noche";"4201";"Bench Press (Barbell)";"1";"61.23496995";"8";"";"";"";"";""
"5";"2023-06-12 19:03:08";"Entrenamiento por la tarde noche";"4201";"Bench Press (Barbell)";"2";"65.77089365";"8";"";"";"";"";""
"5";"2023-06-12 19:03:08";"Entrenamiento por la tarde noche";"4201";"Bench Press (Barbell)";"3";"70.30681735";"6";"";"";"";"";""
"5";"2023-06-12 19:03:08";"Entrenamiento por la tarde noche";"4201";"Bench Press (Barbell)";"4";"74.84274105";"6";"";"";"";"";""
"5";"2023-06-12 19:03:08";"Entrenamiento por la tarde noche";"4201";"Preacher Curl (Barbell)";"1";"18.143694800000002";"8";"";"";"";"";""
"5";"2023-06-12 19:03:08";"Entrenamiento por la tarde noche";"4201";"Preacher Curl (Barbell)";"2";"18.143694800000002";"10";"";"";"";"";""
"5";"2023-06-12 19:03:08";"Entrenamiento por la tarde noche";"4201";"Preacher Curl (Barbell)";"3";"18.143694800000002";"10";"";"";"";"";""
"5";"2023-06-12 19:03:08";"Entrenamiento por la tarde noche";"4201";"Preacher Curl (Barbell)";"4";"22.6796185";"12";"";"";"";"";""
"5";"2023-06-12 19:03:08";"Entrenamiento por la tarde noche";"4201";"Running (Treadmill)";"1";"";"";"";"1350.0";"360.0";"";""
"6";"2023-06-13 19:03:31";"Entrenamiento por la tarde noche";"5905";"Chin Up";"1";"0.0";"8";"";"";"";"";""
"6";"2023-06-13 19:03:31";"Entrenamiento por la tarde noche";"5905";"Chin Up";"2";"0.0";"10";"";"";"";"";""
"6";"2023-06-13 19:03:31";"Entrenamiento por la tarde noche";"5905";"Chin Up";"3";"0.0";"10";"";"";"";"";""
"6";"2023-06-13 19:03:31";"Entrenamiento por la tarde noche";"5905";"Chin Up";"4";"0.0";"10";"";"";"";"";""
"6";"2023-06-13 19:03:31";"Entrenamiento por la tarde noche";"5905";"Seated Row (Cable)";"1";"49.895160700000005";"10";"";"";"";"";""
"6";"2023-06-13 19:03:31";"Entrenamiento por la tarde noche";"5905";"Seated Row (Cable)";"2";"49.895160700000005";"10";"";"";"";"";""
"6";"2023-06-13 19:03:31";"Entrenamiento por la tarde noche";"5905";"Seated Row (Cable)";"3";"54.884676770000006";"8";"";"";"";"";""
"6";"2023-06-13 19:03:31";"Entrenamiento por la tarde noche";"5905";"Seated Row (Cable)";"4";"54.884676770000006";"10";"";"";"";"";""
"6";"2023-06-13 19:03:31";"Entrenamiento por la tarde noche";"5905";"Seated Calf Raise (Plate Loaded)";"1";"31.751465900000003";"13";"";"";"";"";""
"6";"2023-06-13 19:03:31";"Entrenamiento por la tarde noche";"5905";"Seated Calf Raise (Plate Loaded)";"2";"31.751465900000003";"13";"";"";"";"";""
"6";"2023-06-13 19:03:31";"Entrenamiento por la tarde noche";"5905";"Seated Calf Raise (Plate Loaded)";"3";"31.751465900000003";"15";"";"";"";"";""
"6";"2023-06-13 19:03:31";"Entrenamiento por la tarde noche";"5905";"Bicycle Crunch";"1";"0.0";"50";"";"";"";"";""
"6";"2023-06-13 19:03:31";"Entrenamiento por la tarde noche";"5905";"Bicycle Crunch";"2";"0.0";"50";"";"";"";"";""
"6";"2023-06-13 19:03:31";"Entrenamiento por la tarde noche";"5905";"Bicycle Crunch";"3";"0.0";"60";"";"";"";"";""
"6";"2023-06-13 19:03:31";"Entrenamiento por la tarde noche";"5905";"Bicycle Crunch";"4";"0.0";"50";"";"";"";"";""
"6";"2023-06-13 19:03:31";"Entrenamiento por la tarde noche";"5905";"Running (Treadmill)";"1";"";"";"";"4450.0";"1200.0";"";""
"7";"2023-06-16 17:09:56";"Entrenamiento por la tarde";"6613";"Squat (Barbell)";"1";"43.09127515";"10";"";"";"";"";""
"7";"2023-06-16 17:09:56";"Entrenamiento por la tarde";"6613";"Squat (Barbell)";"2";"52.163122550000004";"10";"";"";"";"";""
"7";"2023-06-16 17:09:56";"Entrenamiento por la tarde";"6613";"Squat (Barbell)";"3";"56.69904625";"10";"";"";"";"";""
"7";"2023-06-16 17:09:56";"Entrenamiento por la tarde";"6613";"Squat (Barbell)";"4";"61.23496995";"8";"";"";"";"";""
"7";"2023-06-16 17:09:56";"Entrenamiento por la tarde";"6613";"Squat (Barbell)";"5";"65.77089365";"6";"";"";"";"";""
"7";"2023-06-16 17:09:56";"Entrenamiento por la tarde";"6613";"Squat (Barbell)";"6";"70.30681735";"4";"";"";"";"";""
"7";"2023-06-16 17:09:56";"Entrenamiento por la tarde";"6613";"Pull Up";"1";"0.0";"8";"";"";"";"";""
"7";"2023-06-16 17:09:56";"Entrenamiento por la tarde";"6613";"Pull Up";"2";"0.0";"8";"";"";"";"";""
"7";"2023-06-16 17:09:56";"Entrenamiento por la tarde";"6613";"Pull Up";"3";"0.0";"8";"";"";"";"";""
"7";"2023-06-16 17:09:56";"Entrenamiento por la tarde";"6613";"Pull Up";"4";"0.0";"6";"";"";"";"";""
"7";"2023-06-16 17:09:56";"Entrenamiento por la tarde";"6613";"Seated Row (Cable)";"1";"52.163122550000004";"10";"";"";"";"";""
"7";"2023-06-16 17:09:56";"Entrenamiento por la tarde";"6613";"Seated Row (Cable)";"2";"57.152638620000005";"10";"";"";"";"";""
"7";"2023-06-16 17:09:56";"Entrenamiento por la tarde";"6613";"Seated Row (Cable)";"3";"64.86370891";"7";"";"";"";"";""
"7";"2023-06-16 17:09:56";"Entrenamiento por la tarde";"6613";"Seated Row (Cable)";"4";"64.86370891";"8";"";"";"";"";""
"7";"2023-06-16 17:09:56";"Entrenamiento por la tarde";"6613";"Lateral Raise (Dumbbell)";"1";"6.80388555";"10";"";"";"";"";""
"7";"2023-06-16 17:09:56";"Entrenamiento por la tarde";"6613";"Lateral Raise (Dumbbell)";"2";"6.80388555";"10";"";"";"";"";""
"7";"2023-06-16 17:09:56";"Entrenamiento por la tarde";"6613";"Lateral Raise (Dumbbell)";"3";"6.80388555";"12";"";"";"";"";""
"7";"2023-06-16 17:09:56";"Entrenamiento por la tarde";"6613";"Front Raise (Dumbbell)";"1";"6.80388555";"10";"";"";"";"";""
"7";"2023-06-16 17:09:56";"Entrenamiento por la tarde";"6613";"Front Raise (Dumbbell)";"2";"6.80388555";"10";"";"";"";"";""
"7";"2023-06-16 17:09:56";"Entrenamiento por la tarde";"6613";"Front Raise (Dumbbell)";"3";"6.80388555";"10";"";"";"";"";""
"7";"2023-06-16 17:09:56";"Entrenamiento por la tarde";"6613";"Lat Pulldown (Single Arm)";"1";"24.947580350000003";"10";"";"";"";"";""
"7";"2023-06-16 17:09:56";"Entrenamiento por la tarde";"6613";"Lat Pulldown (Single Arm)";"2";"24.947580350000003";"10";"";"";"";"";""
"7";"2023-06-16 17:09:56";"Entrenamiento por la tarde";"6613";"Lat Pulldown (Single Arm)";"3";"24.947580350000003";"10";"";"";"";"";""
"7";"2023-06-16 17:09:56";"Entrenamiento por la tarde";"6613";"Reverse Fly (Dumbbell)";"1";"6.80388555";"10";"";"";"";"";""
"7";"2023-06-16 17:09:56";"Entrenamiento por la tarde";"6613";"Reverse Fly (Dumbbell)";"2";"6.80388555";"8";"";"";"";"";""
"7";"2023-06-16 17:09:56";"Entrenamiento por la tarde";"6613";"Reverse Fly (Dumbbell)";"3";"6.80388555";"8";"";"";"";"";""
"7";"2023-06-16 17:09:56";"Entrenamiento por la tarde";"6613";"Bicycle Crunch";"1";"0.0";"70";"";"";"";"";""
"7";"2023-06-16 17:09:56";"Entrenamiento por la tarde";"6613";"Jackknife Sit Up";"1";"0.0";"7";"";"";"";"";""
"7";"2023-06-16 17:09:56";"Entrenamiento por la tarde";"6613";"Plank";"1";"";"";"";"";"130.0";"";""
"8";"2023-06-18 13:40:00";"Entrenamiento de mediodía";"4688";"Incline Bench Press (Barbell)";"1";"43.09127515";"12";"";"";"";"";""
"8";"2023-06-18 13:40:00";"Entrenamiento de mediodía";"4688";"Incline Bench Press (Barbell)";"2";"52.163122550000004";"10";"";"";"";"";""
"8";"2023-06-18 13:40:00";"Entrenamiento de mediodía";"4688";"Incline Bench Press (Barbell)";"3";"61.23496995";"8";"";"";"";"";""
"8";"2023-06-18 13:40:00";"Entrenamiento de mediodía";"4688";"Incline Bench Press (Barbell)";"4";"65.77089365";"5";"";"";"";"";""
"8";"2023-06-18 13:40:00";"Entrenamiento de mediodía";"4688";"Chest Dip";"1";"0.0";"10";"";"";"";"";""
"8";"2023-06-18 13:40:00";"Entrenamiento de mediodía";"4688";"Chest Dip";"2";"0.0";"13";"";"";"";"";""
"8";"2023-06-18 13:40:00";"Entrenamiento de mediodía";"4688";"Chest Dip";"3";"0.0";"13";"";"";"";"";""
"8";"2023-06-18 13:40:00";"Entrenamiento de mediodía";"4688";"Chest Dip";"4";"0.0";"13";"";"";"";"";""
"8";"2023-06-18 13:40:00";"Entrenamiento de mediodía";"4688";"Cable Crossover";"1";"9.979032140000001";"12";"";"";"";"";""
"8";"2023-06-18 13:40:00";"Entrenamiento de mediodía";"4688";"Cable Crossover";"2";"12.473790175000001";"10";"";"";"";"";""
"8";"2023-06-18 13:40:00";"Entrenamiento de mediodía";"4688";"Cable Crossover";"3";"12.473790175000001";"10";"";"";"";"";""
"8";"2023-06-18 13:40:00";"Entrenamiento de mediodía";"4688";"Cable Crossover";"4";"14.51495584";"7";"";"";"";"";""
"8";"2023-06-18 13:40:00";"Entrenamiento de mediodía";"4688";"Overhead Press (Dumbbell)";"1";"13.6077711";"10";"";"";"";"";""
"8";"2023-06-18 13:40:00";"Entrenamiento de mediodía";"4688";"Overhead Press (Dumbbell)";"2";"15.875732950000002";"8";"";"";"";"";""
"8";"2023-06-18 13:40:00";"Entrenamiento de mediodía";"4688";"Overhead Press (Dumbbell)";"3";"15.875732950000002";"10";"";"";"";"";""
"8";"2023-06-18 13:40:00";"Entrenamiento de mediodía";"4688";"Overhead Press (Dumbbell)";"4";"18.143694800000002";"6";"";"";"";"";""
"8";"2023-06-18 13:40:00";"Entrenamiento de mediodía";"4688";"Bicep Curl (Dumbbell)";"1";"13.6077711";"10";"";"";"";"";""
"8";"2023-06-18 13:40:00";"Entrenamiento de mediodía";"4688";"Bicep Curl (Dumbbell)";"2";"13.6077711";"8";"";"";"";"";""
"8";"2023-06-18 13:40:00";"Entrenamiento de mediodía";"4688";"Bicep Curl (Dumbbell)";"3";"13.6077711";"8";"";"";"";"";""
"9";"2023-06-19 20:52:46";"Entrenamiento por la tarde noche";"4244";"Pull Up";"1";"0.0";"8";"";"";"";"";""
"9";"2023-06-19 20:52:46";"Entrenamiento por la tarde noche";"4244";"Pull Up";"2";"0.0";"10";"";"";"";"";""
"9";"2023-06-19 20:52:46";"Entrenamiento por la tarde noche";"4244";"Pull Up";"3";"0.0";"10";"";"";"";"";""
"9";"2023-06-19 20:52:46";"Entrenamiento por la tarde noche";"4244";"Pull Up";"4";"0.0";"11";"";"";"";"";""
"9";"2023-06-19 20:52:46";"Entrenamiento por la tarde noche";"4244";"Seated Row (Cable)";"1";"54.884676770000006";"10";"";"";"";"";""
"9";"2023-06-19 20:52:46";"Entrenamiento por la tarde noche";"4244";"Seated Row (Cable)";"2";"64.86370891";"8";"";"";"";"";""
"9";"2023-06-19 20:52:46";"Entrenamiento por la tarde noche";"4244";"Seated Row (Cable)";"3";"74.84274105";"4";"";"";"";"";""
"9";"2023-06-19 20:52:46";"Entrenamiento por la tarde noche";"4244";"Seated Row (Cable)";"4";"64.86370891";"7";"";"";"";"";""
"9";"2023-06-19 20:52:46";"Entrenamiento por la tarde noche";"4244";"Straight Pulldown ";"1";"24.947580350000003";"16";"";"";"";"";""
"9";"2023-06-19 20:52:46";"Entrenamiento por la tarde noche";"4244";"Straight Pulldown ";"2";"29.937096420000003";"12";"";"";"";"";""
"9";"2023-06-19 20:52:46";"Entrenamiento por la tarde noche";"4244";"Straight Pulldown ";"3";"32.431854455";"6";"";"";"";"";""
"9";"2023-06-19 20:52:46";"Entrenamiento por la tarde noche";"4244";"Straight Pulldown ";"4";"32.431854455";"6";"";"";"";"";""
"9";"2023-06-19 20:52:46";"Entrenamiento por la tarde noche";"4244";"Sit Up";"1";"0.0";"12";"";"";"";"";""
"9";"2023-06-19 20:52:46";"Entrenamiento por la tarde noche";"4244";"Sit Up";"2";"0.0";"12";"";"";"";"";""
"9";"2023-06-19 20:52:46";"Entrenamiento por la tarde noche";"4244";"Sit Up";"3";"0.0";"12";"";"";"";"";""
"9";"2023-06-19 20:52:46";"Entrenamiento por la tarde noche";"4244";"Sit Up";"4";"0.0";"10";"";"";"";"";""
"10";"2023-06-22 19:34:25";"Entrenamiento por la tarde noche";"4809";"Bench Press (Barbell)";"1";"61.23496995";"16";"";"";"";"";""
"10";"2023-06-22 19:34:25";"Entrenamiento por la tarde noche";"4809";"Bench Press (Barbell)";"2";"74.84274105";"10";"";"";"";"";""
"10";"2023-06-22 19:34:25";"Entrenamiento por la tarde noche";"4809";"Bench Press (Barbell)";"3";"79.37866475";"8";"";"";"";"";""
"10";"2023-06-22 19:34:25";"Entrenamiento por la tarde noche";"4809";"Bench Press (Barbell)";"4";"79.37866475";"6";"";"";"";"";""
"10";"2023-06-22 19:34:25";"Entrenamiento por la tarde noche";"4809";"Chest Dip";"1";"0.0";"16";"";"";"";"";""
"10";"2023-06-22 19:34:25";"Entrenamiento por la tarde noche";"4809";"Chest Dip";"2";"0.0";"15";"";"";"";"";""
"10";"2023-06-22 19:34:25";"Entrenamiento por la tarde noche";"4809";"Chest Dip";"3";"0.0";"15";"";"";"";"";""
"10";"2023-06-22 19:34:25";"Entrenamiento por la tarde noche";"4809";"Chest Dip";"4";"0.0";"12";"";"";"";"";""
"10";"2023-06-22 19:34:25";"Entrenamiento por la tarde noche";"4809";"Bicep Curl (Dumbbell)";"1";"15.875732950000002";"7";"";"";"";"";""
"10";"2023-06-22 19:34:25";"Entrenamiento por la tarde noche";"4809";"Bicep Curl (Dumbbell)";"2";"15.875732950000002";"6";"";"";"";"";""
"10";"2023-06-22 19:34:25";"Entrenamiento por la tarde noche";"4809";"Bicep Curl (Dumbbell)";"3";"13.6077711";"8";"";"";"";"";""
"10";"2023-06-22 19:34:25";"Entrenamiento por la tarde noche";"4809";"Cable Crossover";"1";"12.473790175000001";"10";"";"";"";"";""
"10";"2023-06-22 19:34:25";"Entrenamiento por la tarde noche";"4809";"Cable Crossover";"2";"12.473790175000001";"9";"";"";"";"";""
"10";"2023-06-22 19:34:25";"Entrenamiento por la tarde noche";"4809";"Cable Crossover";"3";"12.473790175000001";"8";"";"";"";"";""
"10";"2023-06-22 19:34:25";"Entrenamiento por la tarde noche";"4809";"Cable Crossover";"4";"14.968548210000002";"6";"";"";"";"";""
"11";"2023-07-25 07:31:00";"Entrenamiento por la mañana";"3759";"Incline Bench Press (Barbell)";"1";"52.163122550000004";"16";"9.5";"";"";"";""
"11";"2023-07-25 07:31:00";"Entrenamiento por la mañana";"3759";"Incline Bench Press (Barbell)";"2";"61.23496995";"10";"9.0";"";"";"";""
"11";"2023-07-25 07:31:00";"Entrenamiento por la mañana";"3759";"Incline Bench Press (Barbell)";"3";"61.23496995";"8";"8.0";"";"";"";""
"11";"2023-07-25 07:31:00";"Entrenamiento por la mañana";"3759";"Incline Bench Press (Barbell)";"4";"70.30681735";"2";"7.5";"";"";"";""
"11";"2023-07-25 07:31:00";"Entrenamiento por la mañana";"3759";"Bicep Curl (Dumbbell)";"1";"13.6077711";"12";"";"";"";"";""
"11";"2023-07-25 07:31:00";"Entrenamiento por la mañana";"3759";"Bicep Curl (Dumbbell)";"2";"13.6077711";"9";"";"";"";"";""
"11";"2023-07-25 07:31:00";"Entrenamiento por la mañana";"3759";"Bicep Curl (Dumbbell)";"3";"13.6077711";"7";"";"";"";"";""
"11";"2023-07-25 07:31:00";"Entrenamiento por la mañana";"3759";"Bicep Curl (Dumbbell)";"4";"11.33980925";"7";"";"";"";"";""
"11";"2023-07-25 07:31:00";"Entrenamiento por la mañana";"3759";"Cable Crossover";"1";"12.473790175000001";"16";"";"";"";"";""
"11";"2023-07-25 07:31:00";"Entrenamiento por la mañana";"3759";"Cable Crossover";"2";"14.968548210000002";"11";"";"";"";"";""
"11";"2023-07-25 07:31:00";"Entrenamiento por la mañana";"3759";"Cable Crossover";"3";"14.968548210000002";"6";"";"";"";"";""
"11";"2023-07-25 07:31:00";"Entrenamiento por la mañana";"3759";"Cable Crossover";"4";"12.473790175000001";"5";"";"";"";"";""
"11";"2023-07-25 07:31:00";"Entrenamiento por la mañana";"3759";"Preacher Curl (Barbell)";"1";"18.143694800000002";"10";"";"";"";"";""
"11";"2023-07-25 07:31:00";"Entrenamiento por la mañana";"3759";"Preacher Curl (Barbell)";"2";"22.6796185";"7";"";"";"";"";""
"11";"2023-07-25 07:31:00";"Entrenamiento por la mañana";"3759";"Preacher Curl (Barbell)";"3";"22.6796185";"6";"";"";"";"";""
"12";"2023-07-27 18:52:34";"Entrenamiento por la tarde noche";"3066";"Chin Up";"1";"0.0";"11";"";"";"";"";""
"12";"2023-07-27 18:52:34";"Entrenamiento por la tarde noche";"3066";"Chin Up";"2";"0.0";"10";"";"";"";"";""
"12";"2023-07-27 18:52:34";"Entrenamiento por la tarde noche";"3066";"Chin Up";"3";"0.0";"9";"";"";"";"";""
"12";"2023-07-27 18:52:34";"Entrenamiento por la tarde noche";"3066";"Chin Up";"4";"0.0";"7";"";"";"";"";""
"12";"2023-07-27 18:52:34";"Entrenamiento por la tarde noche";"3066";"Bent Over One Arm Row (Dumbbell)";"1";"15.875732950000002";"15";"";"";"";"";""
"12";"2023-07-27 18:52:34";"Entrenamiento por la tarde noche";"3066";"Bent Over One Arm Row (Dumbbell)";"2";"22.6796185";"9";"";"";"";"";""
"12";"2023-07-27 18:52:34";"Entrenamiento por la tarde noche";"3066";"Bent Over One Arm Row (Dumbbell)";"3";"22.6796185";"8";"";"";"";"";""
"12";"2023-07-27 18:52:34";"Entrenamiento por la tarde noche";"3066";"Bent Over One Arm Row (Dumbbell)";"4";"22.6796185";"10";"";"";"";"";""
"12";"2023-07-27 18:52:34";"Entrenamiento por la tarde noche";"3066";"Straight Pulldown ";"1";"29.937096420000003";"12";"";"";"";"";""
"12";"2023-07-27 18:52:34";"Entrenamiento por la tarde noche";"3066";"Straight Pulldown ";"2";"29.937096420000003";"9";"";"";"";"";""
"12";"2023-07-27 18:52:34";"Entrenamiento por la tarde noche";"3066";"Straight Pulldown ";"3";"29.937096420000003";"8";"";"";"";"";""
"13";"2023-07-29 13:59:44";"Entrenamiento de mediodía";"2908";"Chest Dip";"1";"0.0";"12";"";"";"";"";""
"13";"2023-07-29 13:59:44";"Entrenamiento de mediodía";"2908";"Chest Dip";"2";"0.0";"12";"";"";"";"";""
"13";"2023-07-29 13:59:44";"Entrenamiento de mediodía";"2908";"Chest Dip";"3";"0.0";"12";"";"";"";"";""
"13";"2023-07-29 13:59:44";"Entrenamiento de mediodía";"2908";"Chest Dip";"4";"0.0";"8";"";"";"";"";""
"13";"2023-07-29 13:59:44";"Entrenamiento de mediodía";"2908";"Arnold Press (Dumbbell)";"1";"13.6077711";"8";"";"";"";"";""
"13";"2023-07-29 13:59:44";"Entrenamiento de mediodía";"2908";"Arnold Press (Dumbbell)";"2";"13.6077711";"9";"";"";"";"";""
"13";"2023-07-29 13:59:44";"Entrenamiento de mediodía";"2908";"Arnold Press (Dumbbell)";"3";"15.875732950000002";"6";"";"";"";"";""
"13";"2023-07-29 13:59:44";"Entrenamiento de mediodía";"2908";"Arnold Press (Dumbbell)";"4";"15.875732950000002";"6";"";"";"";"";""
"13";"2023-07-29 13:59:44";"Entrenamiento de mediodía";"2908";"Lateral Raise (Dumbbell)";"1";"6.80388555";"12";"";"";"";"";""
"13";"2023-07-29 13:59:44";"Entrenamiento de mediodía";"2908";"Lateral Raise (Dumbbell)";"2";"6.80388555";"12";"";"";"";"";""
"13";"2023-07-29 13:59:44";"Entrenamiento de mediodía";"2908";"Lateral Raise (Dumbbell)";"3";"6.80388555";"10";"";"";"";"";""
"13";"2023-07-29 13:59:44";"Entrenamiento de mediodía";"2908";"Front Raise (Dumbbell)";"1";"6.80388555";"8";"";"";"";"";""
"13";"2023-07-29 13:59:44";"Entrenamiento de mediodía";"2908";"Front Raise (Dumbbell)";"2";"6.80388555";"7";"";"";"";"";""
"13";"2023-07-29 13:59:44";"Entrenamiento de mediodía";"2908";"Front Raise (Dumbbell)";"3";"6.80388555";"6";"";"";"";"";""
"13";"2023-07-29 13:59:44";"Entrenamiento de mediodía";"2908";"Backward Raise";"1";"6.80388555";"10";"";"";"";"";""
"13";"2023-07-29 13:59:44";"Entrenamiento de mediodía";"2908";"Backward Raise";"2";"6.80388555";"8";"";"";"";"";""
"13";"2023-07-29 13:59:44";"Entrenamiento de mediodía";"2908";"Backward Raise";"3";"6.80388555";"4";"";"";"";"";""
"14";"2023-08-06 12:00:00";"Entrenamiento de mediodía";"3312";"Incline Bench Press (Barbell)";"1";"61.23496995";"11";"";"";"";"";""
"14";"2023-08-06 12:00:00";"Entrenamiento de mediodía";"3312";"Incline Bench Press (Barbell)";"2";"61.23496995";"9";"";"";"";"";""
"14";"2023-08-06 12:00:00";"Entrenamiento de mediodía";"3312";"Incline Bench Press (Barbell)";"3";"61.23496995";"8";"";"";"";"";""
"14";"2023-08-06 12:00:00";"Entrenamiento de mediodía";"3312";"Chest Dip";"1";"0.0";"8";"";"";"";"";""
"14";"2023-08-06 12:00:00";"Entrenamiento de mediodía";"3312";"Chest Dip";"2";"0.0";"10";"";"";"";"";""
"14";"2023-08-06 12:00:00";"Entrenamiento de mediodía";"3312";"Chest Dip";"3";"0.0";"12";"";"";"";"";""
"14";"2023-08-06 12:00:00";"Entrenamiento de mediodía";"3312";"Chest Dip";"4";"0.0";"8";"";"";"";"";""
"14";"2023-08-06 12:00:00";"Entrenamiento de mediodía";"3312";"Cable Crossover";"1";"12.473790175000001";"12";"";"";"";"";""
"14";"2023-08-06 12:00:00";"Entrenamiento de mediodía";"3312";"Cable Crossover";"2";"14.968548210000002";"6";"";"";"";"";""
"14";"2023-08-06 12:00:00";"Entrenamiento de mediodía";"3312";"Cable Crossover";"3";"14.968548210000002";"6";"";"";"";"";""
"14";"2023-08-06 12:00:00";"Entrenamiento de mediodía";"3312";"Bicep Curl (Dumbbell)";"1";"13.6077711";"11";"";"";"";"";""
"14";"2023-08-06 12:00:00";"Entrenamiento de mediodía";"3312";"Bicep Curl (Dumbbell)";"2";"13.6077711";"10";"";"";"";"";""
"14";"2023-08-06 12:00:00";"Entrenamiento de mediodía";"3312";"Bicep Curl (Dumbbell)";"3";"13.6077711";"8";"";"";"";"";""
"15";"2023-08-08 17:55:41";"Entrenamiento por la tarde";"3463";"Bicep Curl (Dumbbell)";"1";"13.6077711";"15";"";"";"";"";""
"15";"2023-08-08 17:55:41";"Entrenamiento por la tarde";"3463";"Bicep Curl (Dumbbell)";"2";"15.875732950000002";"7";"";"";"";"";""
"15";"2023-08-08 17:55:41";"Entrenamiento por la tarde";"3463";"Bicep Curl (Dumbbell)";"3";"15.875732950000002";"6";"";"";"";"";""
"15";"2023-08-08 17:55:41";"Entrenamiento por la tarde";"3463";"Bicep Curl (Dumbbell)";"4";"15.875732950000002";"5";"";"";"";"";""
"15";"2023-08-08 17:55:41";"Entrenamiento por la tarde";"3463";"Incline Curl (Dumbbell)";"1";"11.33980925";"6";"";"";"";"";""
"15";"2023-08-08 17:55:41";"Entrenamiento por la tarde";"3463";"Incline Curl (Dumbbell)";"2";"11.33980925";"6";"";"";"";"";""
"15";"2023-08-08 17:55:41";"Entrenamiento por la tarde";"3463";"Incline Curl (Dumbbell)";"3";"11.33980925";"6";"";"";"";"";""
"15";"2023-08-08 17:55:41";"Entrenamiento por la tarde";"3463";"Incline Curl (Dumbbell)";"4";"11.33980925";"6";"";"";"";"";""
"15";"2023-08-08 17:55:41";"Entrenamiento por la tarde";"3463";"Chest Dip";"1";"0.0";"15";"";"";"";"";""
"15";"2023-08-08 17:55:41";"Entrenamiento por la tarde";"3463";"Chest Dip";"2";"0.0";"12";"";"";"";"";""
"15";"2023-08-08 17:55:41";"Entrenamiento por la tarde";"3463";"Chest Dip";"3";"0.0";"12";"";"";"";"";""
"15";"2023-08-08 17:55:41";"Entrenamiento por la tarde";"3463";"Chest Dip";"4";"0.0";"12";"";"";"";"";""
"15";"2023-08-08 17:55:41";"Entrenamiento por la tarde";"3463";"Triceps Extension (Dumbbell)";"1";"20.41165665";"12";"";"";"";"";""
"15";"2023-08-08 17:55:41";"Entrenamiento por la tarde";"3463";"Triceps Extension (Dumbbell)";"2";"20.41165665";"12";"";"";"";"";""
"15";"2023-08-08 17:55:41";"Entrenamiento por la tarde";"3463";"Triceps Extension (Dumbbell)";"3";"22.6796185";"10";"";"";"";"";""
"15";"2023-08-08 17:55:41";"Entrenamiento por la tarde";"3463";"Triceps Extension (Dumbbell)";"4";"24.947580350000003";"8";"";"";"";"";""
"16";"2023-08-25 18:02:59";"Entrenamiento por la tarde noche";"3832";"Seated Row (Cable)";"1";"44.905644630000005";"16";"";"";"";"";""
"16";"2023-08-25 18:02:59";"Entrenamiento por la tarde noche";"3832";"Seated Row (Cable)";"2";"49.895160700000005";"12";"";"";"";"";""
"16";"2023-08-25 18:02:59";"Entrenamiento por la tarde noche";"3832";"Seated Row (Cable)";"3";"54.884676770000006";"10";"";"";"";"";""
"16";"2023-08-25 18:02:59";"Entrenamiento por la tarde noche";"3832";"Seated Row (Cable)";"4";"54.884676770000006";"10";"";"";"";"";""
"16";"2023-08-25 18:02:59";"Entrenamiento por la tarde noche";"3832";"Lat Pulldown (Cable)";"1";"49.895160700000005";"10";"";"";"";"";""
"16";"2023-08-25 18:02:59";"Entrenamiento por la tarde noche";"3832";"Lat Pulldown (Cable)";"2";"49.895160700000005";"10";"";"";"";"";""
"16";"2023-08-25 18:02:59";"Entrenamiento por la tarde noche";"3832";"Lat Pulldown (Cable)";"3";"54.884676770000006";"10";"";"";"";"";""
"16";"2023-08-25 18:02:59";"Entrenamiento por la tarde noche";"3832";"Lat Pulldown (Cable)";"4";"54.884676770000006";"10";"";"";"";"";""
"16";"2023-08-25 18:02:59";"Entrenamiento por la tarde noche";"3832";"Pull Up";"1";"0.0";"6";"";"";"";"";""
"16";"2023-08-25 18:02:59";"Entrenamiento por la tarde noche";"3832";"Pull Up";"2";"0.0";"7";"";"";"";"";""
"16";"2023-08-25 18:02:59";"Entrenamiento por la tarde noche";"3832";"Pull Up";"3";"0.0";"9";"";"";"";"";""
"16";"2023-08-25 18:02:59";"Entrenamiento por la tarde noche";"3832";"Reverse Fly (Machine)";"1";"31.751465900000003";"10";"";"";"";"";""
"16";"2023-08-25 18:02:59";"Entrenamiento por la tarde noche";"3832";"Reverse Fly (Machine)";"2";"31.751465900000003";"7";"";"";"";"";""
"16";"2023-08-25 18:02:59";"Entrenamiento por la tarde noche";"3832";"Bent Over One Arm Row (Dumbbell)";"1";"20.41165665";"10";"";"";"";"";""
"16";"2023-08-25 18:02:59";"Entrenamiento por la tarde noche";"3832";"Bent Over One Arm Row (Dumbbell)";"2";"20.41165665";"8";"";"";"";"";""
"16";"2023-08-25 18:02:59";"Entrenamiento por la tarde noche";"3832";"Bent Over One Arm Row (Dumbbell)";"3";"20.41165665";"8";"";"";"";"";""
"16";"2023-08-25 18:02:59";"Entrenamiento por la tarde noche";"3832";"Straight Pulldown ";"1";"19.958064280000002";"10";"";"";"";"";""
"16";"2023-08-25 18:02:59";"Entrenamiento por la tarde noche";"3832";"Straight Pulldown ";"2";"22.452822315000002";"10";"";"";"";"";""
"16";"2023-08-25 18:02:59";"Entrenamiento por la tarde noche";"3832";"Straight Pulldown ";"3";"24.947580350000003";"10";"";"";"";"";""
"16";"2023-08-25 18:02:59";"Entrenamiento por la tarde noche";"3832";"Straight Pulldown ";"4";"27.2155422";"8";"";"";"";"";""
"16";"2023-08-25 18:02:59";"Entrenamiento por la tarde noche";"3832";"Plank";"1";"";"";"";"";"270.0";"";""
"17";"2023-08-30 18:34:02";"Entrenamiento por la tarde noche";"3817";"Chest Dip";"1";"0.0";"12";"";"";"";"";""
"17";"2023-08-30 18:34:02";"Entrenamiento por la tarde noche";"3817";"Chest Dip";"2";"0.0";"12";"";"";"";"";""
"17";"2023-08-30 18:34:02";"Entrenamiento por la tarde noche";"3817";"Chest Dip";"3";"0.0";"12";"";"";"";"";""
"17";"2023-08-30 18:34:02";"Entrenamiento por la tarde noche";"3817";"Chest Dip";"4";"0.0";"12";"";"";"";"";""
"17";"2023-08-30 18:34:02";"Entrenamiento por la tarde noche";"3817";"Seated Row (Cable)";"1";"49.895160700000005";"12";"";"";"";"";""
"17";"2023-08-30 18:34:02";"Entrenamiento por la tarde noche";"3817";"Seated Row (Cable)";"2";"54.884676770000006";"12";"";"";"";"";""
"17";"2023-08-30 18:34:02";"Entrenamiento por la tarde noche";"3817";"Seated Row (Cable)";"3";"64.86370891";"8";"";"";"";"";""
"17";"2023-08-30 18:34:02";"Entrenamiento por la tarde noche";"3817";"Seated Row (Cable)";"4";"64.86370891";"8";"";"";"";"";""
"17";"2023-08-30 18:34:02";"Entrenamiento por la tarde noche";"3817";"Cable Crossover";"1";"14.968548210000002";"10";"";"";"";"";""
"17";"2023-08-30 18:34:02";"Entrenamiento por la tarde noche";"3817";"Cable Crossover";"2";"17.463306245000002";"9";"";"";"";"";""
"17";"2023-08-30 18:34:02";"Entrenamiento por la tarde noche";"3817";"Cable Crossover";"3";"19.958064280000002";"6";"";"";"";"";""
"17";"2023-08-30 18:34:02";"Entrenamiento por la tarde noche";"3817";"Cable Crossover";"4";"17.463306245000002";"7";"";"";"";"";""
"17";"2023-08-30 18:34:02";"Entrenamiento por la tarde noche";"3817";"Triceps Extension (Dumbbell)";"1";"22.6796185";"12";"";"";"";"";""
"17";"2023-08-30 18:34:02";"Entrenamiento por la tarde noche";"3817";"Triceps Extension (Dumbbell)";"2";"22.6796185";"12";"";"";"";"";""
"17";"2023-08-30 18:34:02";"Entrenamiento por la tarde noche";"3817";"Triceps Extension (Dumbbell)";"3";"22.6796185";"8";"";"";"";"";""
"18";"2023-09-05 18:37:18";"Entrenamiento por la tarde noche";"3797";"Seated Overhead Press (Barbell)";"1";"24.947580350000003";"10";"";"";"";"";""
"18";"2023-09-05 18:37:18";"Entrenamiento por la tarde noche";"3797";"Seated Overhead Press (Barbell)";"2";"29.48350405";"10";"";"";"";"";""
"18";"2023-09-05 18:37:18";"Entrenamiento por la tarde noche";"3797";"Seated Overhead Press (Barbell)";"3";"43.09127515";"8";"";"";"";"";""
"18";"2023-09-05 18:37:18";"Entrenamiento por la tarde noche";"3797";"Seated Overhead Press (Barbell)";"4";"52.163122550000004";"6";"";"";"";"";""
"18";"2023-09-05 18:37:18";"Entrenamiento por la tarde noche";"3797";"Arnold Press (Dumbbell)";"1";"11.33980925";"10";"";"";"";"";""
"18";"2023-09-05 18:37:18";"Entrenamiento por la tarde noche";"3797";"Arnold Press (Dumbbell)";"2";"13.6077711";"10";"";"";"";"";""
"18";"2023-09-05 18:37:18";"Entrenamiento por la tarde noche";"3797";"Arnold Press (Dumbbell)";"3";"13.6077711";"8";"";"";"";"";""
"18";"2023-09-05 18:37:18";"Entrenamiento por la tarde noche";"3797";"Front Raise (Dumbbell)";"1";"6.80388555";"12";"";"";"";"";""
"18";"2023-09-05 18:37:18";"Entrenamiento por la tarde noche";"3797";"Front Raise (Dumbbell)";"2";"6.80388555";"12";"";"";"";"";""
"18";"2023-09-05 18:37:18";"Entrenamiento por la tarde noche";"3797";"Front Raise (Dumbbell)";"3";"6.80388555";"12";"";"";"";"";""
"18";"2023-09-05 18:37:18";"Entrenamiento por la tarde noche";"3797";"Front Raise (Dumbbell)";"4";"6.80388555";"12";"";"";"";"";""
"18";"2023-09-05 18:37:18";"Entrenamiento por la tarde noche";"3797";"Backward Raise";"1";"6.80388555";"12";"";"";"";"";""
"18";"2023-09-05 18:37:18";"Entrenamiento por la tarde noche";"3797";"Backward Raise";"2";"6.80388555";"12";"";"";"";"";""
"18";"2023-09-05 18:37:18";"Entrenamiento por la tarde noche";"3797";"Backward Raise";"3";"6.80388555";"12";"";"";"";"";""
"18";"2023-09-05 18:37:18";"Entrenamiento por la tarde noche";"3797";"Backward Raise";"4";"6.80388555";"12";"";"";"";"";""
"18";"2023-09-05 18:37:18";"Entrenamiento por la tarde noche";"3797";"Shrug (Dumbbell)";"1";"24.947580350000003";"12";"";"";"";"";""
"18";"2023-09-05 18:37:18";"Entrenamiento por la tarde noche";"3797";"Shrug (Dumbbell)";"2";"24.947580350000003";"12";"";"";"";"";""
"19";"2023-09-15 19:03:27";"Hombro";"3145";"Overhead Press (Barbell)";"1";"52.163122550000004";"6";"";"";"";"";""
"19";"2023-09-15 19:03:27";"Hombro";"3145";"Overhead Press (Barbell)";"2";"52.163122550000004";"5";"";"";"";"";""
"19";"2023-09-15 19:03:27";"Hombro";"3145";"Overhead Press (Barbell)";"3";"52.163122550000004";"6";"";"";"";"";""
"19";"2023-09-15 19:03:27";"Hombro";"3145";"Overhead Press (Barbell)";"4";"52.163122550000004";"3";"";"";"";"";""
"19";"2023-09-15 19:03:27";"Hombro";"3145";"Arnold Press (Dumbbell)";"1";"13.6077711";"10";"";"";"";"";""
"19";"2023-09-15 19:03:27";"Hombro";"3145";"Arnold Press (Dumbbell)";"2";"13.6077711";"10";"";"";"";"";""
"19";"2023-09-15 19:03:27";"Hombro";"3145";"Arnold Press (Dumbbell)";"3";"13.6077711";"10";"";"";"";"";""
"19";"2023-09-15 19:03:27";"Hombro";"3145";"Front Raise (Dumbbell)";"1";"6.80388555";"10";"";"";"";"";""
"19";"2023-09-15 19:03:27";"Hombro";"3145";"Front Raise (Dumbbell)";"2";"6.80388555";"10";"";"";"";"";""
"19";"2023-09-15 19:03:27";"Hombro";"3145";"Front Raise (Dumbbell)";"3";"6.80388555";"10";"";"";"";"";""
"19";"2023-09-15 19:03:27";"Hombro";"3145";"Backward Raise";"1";"6.80388555";"10";"";"";"";"";""
"19";"2023-09-15 19:03:27";"Hombro";"3145";"Backward Raise";"2";"6.80388555";"10";"";"";"";"";""
"19";"2023-09-15 19:03:27";"Hombro";"3145";"Backward Raise";"3";"6.80388555";"10";"";"";"";"";""
"19";"2023-09-15 19:03:27";"Hombro";"3145";"Lateral Raise (Dumbbell)";"1";"6.80388555";"10";"";"";"";"";""
"19";"2023-09-15 19:03:27";"Hombro";"3145";"Lateral Raise (Dumbbell)";"2";"6.80388555";"10";"";"";"";"";""
"19";"2023-09-15 19:03:27";"Hombro";"3145";"Lateral Raise (Dumbbell)";"3";"6.80388555";"10";"";"";"";"";""
"19";"2023-09-15 19:03:27";"Hombro";"3145";"Triceps Extension (Dumbbell)";"1";"18.143694800000002";"10";"";"";"";"";""
"19";"2023-09-15 19:03:27";"Hombro";"3145";"Triceps Extension (Dumbbell)";"2";"22.6796185";"8";"";"";"";"";""
"19";"2023-09-15 19:03:27";"Hombro";"3145";"Triceps Extension (Dumbbell)";"3";"22.6796185";"10";"";"";"";"";""
"20";"2023-10-11 18:39:42";"Entrenamiento por la tarde noche";"2757";"Squat (Barbell)";"1";"61.23496995";"10";"";"";"";"";""
"20";"2023-10-11 18:39:42";"Entrenamiento por la tarde noche";"2757";"Squat (Barbell)";"2";"61.23496995";"10";"";"";"";"";""
"20";"2023-10-11 18:39:42";"Entrenamiento por la tarde noche";"2757";"Squat (Barbell)";"3";"70.30681735";"8";"";"";"";"";""
"20";"2023-10-11 18:39:42";"Entrenamiento por la tarde noche";"2757";"Squat (Barbell)";"4";"74.84274105";"6";"";"";"";"";""
"20";"2023-10-11 18:39:42";"Entrenamiento por la tarde noche";"2757";"Seated Calf Raise (Plate Loaded)";"1";"36.287389600000004";"16";"";"";"";"";""
"20";"2023-10-11 18:39:42";"Entrenamiento por la tarde noche";"2757";"Seated Calf Raise (Plate Loaded)";"2";"36.287389600000004";"16";"";"";"";"";""
"20";"2023-10-11 18:39:42";"Entrenamiento por la tarde noche";"2757";"Seated Calf Raise (Plate Loaded)";"3";"36.287389600000004";"16";"";"";"";"";""
"20";"2023-10-11 18:39:42";"Entrenamiento por la tarde noche";"2757";"Seated Calf Raise (Plate Loaded)";"4";"36.287389600000004";"16";"";"";"";"";""
"20";"2023-10-11 18:39:42";"Entrenamiento por la tarde noche";"2757";"Decline Crunch";"1";"0.0";"12";"";"";"";"";""
"20";"2023-10-11 18:39:42";"Entrenamiento por la tarde noche";"2757";"Decline Crunch";"2";"0.0";"8";"";"";"";"";""
"20";"2023-10-11 18:39:42";"Entrenamiento por la tarde noche";"2757";"Decline Crunch";"3";"0.0";"8";"";"";"";"";""
"21";"2023-10-22 11:57:27";"Entrenamiento por la mañana";"4057";"Deadlift (Barbell)";"1";"61.23496995";"8";"";"";"";"";""
"21";"2023-10-22 11:57:27";"Entrenamiento por la mañana";"4057";"Deadlift (Barbell)";"2";"83.91458845000001";"8";"";"";"";"";""
"21";"2023-10-22 11:57:27";"Entrenamiento por la mañana";"4057";"Deadlift (Barbell)";"3";"83.91458845000001";"8";"";"";"";"";""
"21";"2023-10-22 11:57:27";"Entrenamiento por la mañana";"4057";"Deadlift (Barbell)";"4";"90.718474";"6";"";"";"";"";""
"21";"2023-10-22 11:57:27";"Entrenamiento por la mañana";"4057";"Hip Abductor (Machine)";"1";"45.359237";"10";"";"";"";"";""
"21";"2023-10-22 11:57:27";"Entrenamiento por la mañana";"4057";"Hip Abductor (Machine)";"2";"52.163122550000004";"10";"";"";"";"";""
"21";"2023-10-22 11:57:27";"Entrenamiento por la mañana";"4057";"Hip Abductor (Machine)";"3";"52.163122550000004";"10";"";"";"";"";""
"21";"2023-10-22 11:57:27";"Entrenamiento por la mañana";"4057";"Hip Abductor (Machine)";"4";"52.163122550000004";"10";"";"";"";"";""
"21";"2023-10-22 11:57:27";"Entrenamiento por la mañana";"4057";"Hip Adductor (Machine)";"1";"45.359237";"10";"";"";"";"";""
"21";"2023-10-22 11:57:27";"Entrenamiento por la mañana";"4057";"Hip Adductor (Machine)";"2";"52.163122550000004";"10";"";"";"";"";""
"21";"2023-10-22 11:57:27";"Entrenamiento por la mañana";"4057";"Hip Adductor (Machine)";"3";"52.163122550000004";"10";"";"";"";"";""
"21";"2023-10-22 11:57:27";"Entrenamiento por la mañana";"4057";"Hip Adductor (Machine)";"4";"52.163122550000004";"10";"";"";"";"";""
"21";"2023-10-22 11:57:27";"Entrenamiento por la mañana";"4057";"Lunge (Dumbbell)";"1";"13.6077711";"10";"";"";"";"";""
"21";"2023-10-22 11:57:27";"Entrenamiento por la mañana";"4057";"Lunge (Dumbbell)";"2";"13.6077711";"10";"";"";"";"";""
"21";"2023-10-22 11:57:27";"Entrenamiento por la mañana";"4057";"Lunge (Dumbbell)";"3";"15.875732950000002";"10";"";"";"";"";""
"21";"2023-10-22 11:57:27";"Entrenamiento por la mañana";"4057";"Lunge (Dumbbell)";"4";"15.875732950000002";"10";"";"";"";"";""
"21";"2023-10-22 11:57:27";"Entrenamiento por la mañana";"4057";"Crunch (Machine)";"1";"9.071847400000001";"30";"";"";"";"";""
"21";"2023-10-22 11:57:27";"Entrenamiento por la mañana";"4057";"Crunch (Machine)";"2";"9.071847400000001";"24";"";"";"";"";""
"21";"2023-10-22 11:57:27";"Entrenamiento por la mañana";"4057";"Crunch (Machine)";"3";"9.071847400000001";"30";"";"";"";"";""
"22";"2023-10-29 10:03:29";"Hombro";"2466";"Overhead Press (Barbell)";"1";"52.163122550000004";"5";"";"";"";"";""
"22";"2023-10-29 10:03:29";"Hombro";"2466";"Overhead Press (Barbell)";"2";"52.163122550000004";"5";"";"";"";"";""
"22";"2023-10-29 10:03:29";"Hombro";"2466";"Overhead Press (Barbell)";"3";"52.163122550000004";"5";"";"";"";"";""
"22";"2023-10-29 10:03:29";"Hombro";"2466";"Overhead Press (Barbell)";"4";"52.163122550000004";"5";"";"";"";"";""
"22";"2023-10-29 10:03:29";"Hombro";"2466";"Arnold Press (Dumbbell)";"1";"13.6077711";"10";"";"";"";"";""
"22";"2023-10-29 10:03:29";"Hombro";"2466";"Arnold Press (Dumbbell)";"2";"13.6077711";"10";"";"";"";"";""
"22";"2023-10-29 10:03:29";"Hombro";"2466";"Arnold Press (Dumbbell)";"3";"13.6077711";"10";"";"";"";"";""
"22";"2023-10-29 10:03:29";"Hombro";"2466";"Front Raise (Dumbbell)";"1";"6.80388555";"12";"";"";"";"";""
"22";"2023-10-29 10:03:29";"Hombro";"2466";"Front Raise (Dumbbell)";"2";"6.80388555";"12";"";"";"";"";""
"22";"2023-10-29 10:03:29";"Hombro";"2466";"Backward Raise";"1";"6.80388555";"12";"";"";"";"";""
"22";"2023-10-29 10:03:29";"Hombro";"2466";"Backward Raise";"2";"6.80388555";"12";"";"";"";"";""
"22";"2023-10-29 10:03:29";"Hombro";"2466";"Lateral Raise (Dumbbell)";"1";"6.80388555";"12";"";"";"";"";""
"22";"2023-10-29 10:03:29";"Hombro";"2466";"Lateral Raise (Dumbbell)";"2";"6.80388555";"12";"";"";"";"";""
"23";"2023-11-07 20:38:34";"Nueva plantilla de entrenamiento";"3288";"Bench Press (Barbell)";"1";"61.23496995";"12";"";"";"";"";""
"23";"2023-11-07 20:38:34";"Nueva plantilla de entrenamiento";"3288";"Bench Press (Barbell)";"2";"61.23496995";"13";"";"";"";"";""
"23";"2023-11-07 20:38:34";"Nueva plantilla de entrenamiento";"3288";"Bench Press (Barbell)";"3";"70.30681735";"8";"";"";"";"";""
"23";"2023-11-07 20:38:34";"Nueva plantilla de entrenamiento";"3288";"Bench Press (Barbell)";"4";"70.30681735";"6";"";"";"";"";""
"23";"2023-11-07 20:38:34";"Nueva plantilla de entrenamiento";"3288";"Bicep Curl (Dumbbell)";"1";"13.6077711";"12";"";"";"";"";""
"23";"2023-11-07 20:38:34";"Nueva plantilla de entrenamiento";"3288";"Bicep Curl (Dumbbell)";"2";"13.6077711";"9";"";"";"";"";""
"23";"2023-11-07 20:38:34";"Nueva plantilla de entrenamiento";"3288";"Bicep Curl (Dumbbell)";"3";"13.6077711";"6";"";"";"";"";""
"23";"2023-11-07 20:38:34";"Nueva plantilla de entrenamiento";"3288";"Bicep Curl (Dumbbell)";"4";"13.6077711";"6";"";"";"";"";""
"23";"2023-11-07 20:38:34";"Nueva plantilla de entrenamiento";"3288";"Chest Dip";"1";"0.0";"15";"";"";"";"";""
"23";"2023-11-07 20:38:34";"Nueva plantilla de entrenamiento";"3288";"Chest Dip";"2";"0.0";"12";"";"";"";"";""
"23";"2023-11-07 20:38:34";"Nueva plantilla de entrenamiento";"3288";"Chest Dip";"3";"0.0";"9";"";"";"";"";""
"23";"2023-11-07 20:38:34";"Nueva plantilla de entrenamiento";"3288";"Chest Dip";"4";"0.0";"8";"";"";"";"";""
"23";"2023-11-07 20:38:34";"Nueva plantilla de entrenamiento";"3288";"Bicep Curl (Cable)";"1";"14.968548210000002";"12";"";"";"";"";""
"23";"2023-11-07 20:38:34";"Nueva plantilla de entrenamiento";"3288";"Bicep Curl (Cable)";"2";"17.463306245000002";"12";"";"";"";"";""